name,nationality
Yu-jin,korean
Jin-gi,korean
Hee-eun,korean
Yu-young,korean
Joo-ah,korean
Yoon-ah,korean
Chang-hyun,korean
Won-yong,korean
Sung-hye,korean
Jae-bin,korean
Chun-soo,korean
Woo-young,korean
Hee-woo,korean
Woo-jung,korean
Moon-sook,korean
Se-hoon,korean
Jin-yong,korean
Ji-su,korean
Ji-seok,korean
Tae-sik,korean
Seok-hwan,korean
Yoon-jin,korean
Jeong-ja,korean
Se-wook,korean
Beom-joon,korean
Moon-jung,korean
In-yong,korean
Jong-hyuk,korean
Ji-ah,korean
Eun-ji,korean
Joon-hee,korean
Yong-woo,korean
Tae-gi,korean
Won-tae,korean
Seung-yong,korean
Jae-ah,korean
Ki-young,korean
Jung-yoon,korean
So-young,korean
Seo-jun,korean
Sung-ah,korean
Ye-ji,korean
Sun-woong,korean
Beom-chul,korean
Hyun-ho,korean
So-eun,korean
Bo-kyung,korean
Hyo-bin,korean
Eun-jung,korean
Eun-yong,korean
Woo-tae,korean
Mi-jung,korean
Yeon-ja,korean
Yoo-ju,korean
Shi-wook,korean
Sun-wook,korean
Chang-ha,korean
Yeon-su,korean
Kyung-hwa,korean
Man-se,korean
Yong-seok,korean
Woo-sung,korean
Kyung-il,korean
Byung-yoon,korean
Kyu-hyuk,korean
Mi-kyung,korean
Joon-ki,korean
Jung-nam,korean
Dae-hoon,korean
Ha-hyun,korean
Tae-woong,korean
Jung-tae,korean
Min-hwan,korean
Young-ah,korean
Hyung-su,korean
Sung-hoon,korean
Jong-hee,korean
Shi-ho,korean
Sang-woo,korean
Hyung-wook,korean
Dong-yoon,korean
Hyung-bin,korean
Jae-kyung,korean
Jong-soo,korean
Jae-geun,korean
Hyun-jin,korean
Woo-jun,korean
Eun-wook,korean
Ki-yong,korean
Sung-hyun,korean
Sun-woo,korean
Hye-jun,korean
Hee-hoon,korean
Si-yoon,korean
Eun-nam,korean
Si-kyung,korean
Young-jae,korean
Sung-ha,korean
Jae-chul,korean
Yeon-ji,korean
In-chul,korean
Hong-jun,korean
Jung-joo,korean
Chang-hee,korean
Moon-hee,korean
Hae-young,korean
Hae-bin,korean
Eun-hyuk,korean
Hee-tae,korean
Joon-chul,korean
Chang-jae,korean
Do-hyun,korean
Hyun-mi,korean
Seung-eun,korean
Ki-hwan,korean
Jae-ju,korean
Ki-nam,korean
Seung-jae,korean
Jin-ho,korean
Su-ho,korean
Kwang-hee,korean
Eun-sik,korean
Dae-il,korean
Yoon-ji,korean
Jun-ha,korean
Yu-sun,korean
Young-bin,korean
Sung-won,korean
Jun-seok,korean
Myung-sook,korean
Byung-wook,korean
Hyo-joo,korean
Hyung-jin,korean
Hye-yeon,korean
Seung-hye,korean
Won-woong,korean
Yeon-suk,korean
Tae-hwan,korean
Won-ok,korean
Kyung-hoon,korean
Jae-sun,korean
Sang-jun,korean
Eun-sook,korean
Min-ki,korean
Jong-jin,korean
Yong-ho,korean
Mi-ok,korean
Young-hee,korean
Hyung-nam,korean
Dong-suk,korean
Yong-hee,korean
Byung-hyun,korean
Hyun-seok,korean
Kyu-bin,korean
Ye-hoon,korean
Hee-sun,korean
Mi-young,korean
Jin-ok,korean
Sun-bin,korean
Yeon-jae,korean
Nam-gi,korean
Da-bin,korean
Se-young,korean
Jun-min,korean
In-soo,korean
Ju-hwan,korean
Chun-ja,korean
Jin-suk,korean
Byung-hoon,korean
Seung-ok,korean
Dong-jun,korean
Ji-bin,korean
Yoon-woo,korean
In-ho,korean
Tae-il,korean
Won-young,korean
Sung-ki,korean
Eun-woo,korean
Seok-yeon,korean
Da-yeon,korean
Seung-hoon,korean
Da-mi,korean
Woo-sun,korean
Dong-woo,korean
Chang-min,korean
Won-seok,korean
Yoon-hye,korean
Myung-sun,korean
Hee-sung,korean
Ju-eun,korean
Chun-hee,korean
Hyun-min,korean
Kyu-hee,korean
Si-yeon,korean
Mi-jin,korean
Jun-hyuk,korean
Jung-wook,korean
So-jung,korean
Hyo-jung,korean
Jung-won,korean
Dae-young,korean
Jae-yong,korean
Man-sik,korean
Eun-seok,korean
Hye-sung,korean
In-sik,korean
Jin-tae,korean
Jong-hwan,korean
Young-nam,korean
Ji-hye,korean
Chae-young,korean
Jun-ho,korean
Yeon-hee,korean
Myung-woo,korean
Seung-ah,korean
In-tae,korean
Byung-ok,korean
Sun-sook,korean
Su-yeon,korean
Won-bin,korean
Hye-ja,korean
Beom-soo,korean
Jung-ho,korean
Seok-joo,korean
Ki-hyun,korean
Hye-su,korean
Ki-tae,korean
Sang-ho,korean
Chang-ho,korean
Kyung-sun,korean
Yoon-mi,korean
Yong-jun,korean
Hye-yoon,korean
Won-jin,korean
Hyun-jae,korean
Seung-hyun,korean
Yoon-bin,korean
Dae-woong,korean
Man-hee,korean
Man-ok,korean
Ha-yoon,korean
Hyun-gi,korean
Young-hyun,korean
Eun-ok,korean
Kyung-soo,korean
Jung-ah,korean
Sung-nam,korean
Dae-sik,korean
Da-eun,korean
Tae-won,korean
Tsugutoshi,japanese
Tomie ,japanese
Nako,japanese
Mina ,japanese
Masamori,japanese
Masanari,japanese
Hisayasu,japanese
Kikuo,japanese
Kōkichi,japanese
Sanae,japanese
Tatsurō,japanese
Sadaharu,japanese
Ikko,japanese
Shikō,japanese
Hazuki,japanese
Risaburō,japanese
Fumika,japanese
Jo ,japanese
Sumiko,japanese
Satoshi,japanese
Moeko,japanese
Shimako,japanese
Katsuyuki,japanese
Ken'yū,japanese
Naritaka,japanese
Fumihiko,japanese
Hideharu,japanese
Shiina ,japanese
Hirokatsu,japanese
Iehira,japanese
Suehiro,japanese
Sugako,japanese
Mitsuhide,japanese
Yoritsune,japanese
Ken'ichi,japanese
Toshikazu,japanese
Jūkichi,japanese
Kotaro,japanese
Tomohiko,japanese
Yūjirō,japanese
Tamako,japanese
Tokihiko,japanese
Harunori,japanese
Akiya,japanese
Masako,japanese
Chūjirō,japanese
Akemi,japanese
Choki,japanese
Motoko,japanese
Masahiro,japanese
Norihiro,japanese
Suenaga,japanese
Yukishige,japanese
Hisahito,japanese
Kazumi,japanese
Hidekazu,japanese
Zenjiro,japanese
Kyoko,japanese
Sawako,japanese
Sadahiro,japanese
Katsuya,japanese
Takaki,japanese
Mikuni,japanese
Kensuke,japanese
Shōichirō,japanese
Michitarō,japanese
Kin'ichi,japanese
Kazuyuki,japanese
Nobuhito,japanese
Tamiko,japanese
Junko,japanese
Atsuya,japanese
Nobumasa,japanese
Rikichi,japanese
Hisashi,japanese
Hisato,japanese
Shunsaku,japanese
Michio,japanese
Mimori,japanese
Chiyako,japanese
Saeko ,japanese
Kunishige,japanese
Tomoharu,japanese
Isamu,japanese
Taiki,japanese
Yukito,japanese
Heiichirō,japanese
Takatō,japanese
Asao,japanese
Kazumasa,japanese
Masachika,japanese
Takahiko,japanese
Giichi,japanese
Kihei ,japanese
Kisaburō,japanese
Tsuneo,japanese
Nobuyuki,japanese
Kaoruko,japanese
Sōsuke,japanese
Sachio,japanese
Shizuka,japanese
Kimiko,japanese
Chiyo,japanese
Kiyofumi,japanese
Senkichi,japanese
Muneo,japanese
Miku,japanese
Seijin,japanese
Yukina,japanese
Takayuki,japanese
Masateru,japanese
Keizō,japanese
Ryuko,japanese
Munetaka,japanese
Takaaki,japanese
Iemasa,japanese
Norifusa,japanese
Makoto,japanese
Daishi,japanese
Yoshino,japanese
Kiyoyuki,japanese
Shunta,japanese
Wakako,japanese
Shizuru,japanese
Mitsuko,japanese
Yoshitarō,japanese
Norihito,japanese
Shōji ,japanese
Chieko,japanese
Hidemi,japanese
Haruko,japanese
Ayuka,japanese
Michiya,japanese
Hozumi,japanese
Morikazu,japanese
Fumiaki,japanese
Ikki ,japanese
Sota,japanese
Hisayuki,japanese
Takahide,japanese
Takehito,japanese
Hidemasa,japanese
Mikoto,japanese
Nanami,japanese
Maria ,japanese
Takamitsu,japanese
Ayame ,japanese
Teiji,japanese
Kazutoshi,japanese
Hayata,japanese
Yasujirō,japanese
Nobuteru,japanese
Yō,japanese
Taisei ,japanese
Manami,japanese
Taishin ,japanese
Atsushi,japanese
Ryōichi,japanese
Miki ,japanese
Mahito,japanese
Naomori,japanese
Kōsei,japanese
Ryōma,japanese
Shinako,japanese
Nobukatsu,japanese
Nariyasu,japanese
Yūko,japanese
Masashi,japanese
Shunji,japanese
Hirotoki,japanese
Shūji,japanese
Shō ,japanese
Sadanaga,japanese
Noboru,japanese
Sumire,japanese
Ryūhei,japanese
Toshiki,japanese
Tadaaki,japanese
Noritoshi,japanese
Yuichi,japanese
Keinosuke,japanese
Tamaki ,japanese
Muneshige,japanese
Chikako,japanese
Tomomi,japanese
Hina ,japanese
Yūshi,japanese
Nanase,japanese
Seiji,japanese
Teijirō,japanese
Takenaga,japanese
Hidetaka,japanese
Jiichirō,japanese
Suguru,japanese
Kazuyo,japanese
Hisateru,japanese
Kimi,japanese
Kiyoaki,japanese
Akeno,japanese
Tatsuya,japanese
Shigetsugu,japanese
Maho,japanese
Amane,japanese
Takumi,japanese
Aoi ,japanese
Yūji,japanese
Munetoshi,japanese
Toshinari,japanese
Jirokichi,japanese
Ginji,japanese
Shinjirō,japanese
Yoshimitsu ,japanese
Tokiko,japanese
Manaka,japanese
Norimasa,japanese
Kahoru,japanese
Chiharu,japanese
Michiaki,japanese
Naoyuki,japanese
Hidenori,japanese
Kōnosuke,japanese
Tomohide,japanese
Miu ,japanese
Yukie,japanese
Hideo,japanese
Akito,japanese
Kanae,japanese
Takayo,japanese
Tamao,japanese
Ran,japanese
Yūsei,japanese
Hikari ,japanese
Ryōka,japanese
Tadafumi,japanese
Subaru ,japanese
Daishin,japanese
Ryūma,japanese
Shin'ichirō,japanese
Yuumi,japanese
Yasutaka,japanese
Teruhisa,japanese
Kaguya,japanese
Matoi ,japanese
Tadaoki,japanese
Kiyotake,japanese
Tadanori,japanese
Tomoyasu,japanese
Meisa,japanese
Toshio,japanese
Misaki ,japanese
Meifeng,chinese
Rou,chinese
Yue,chinese
Chongan,chinese
Tung,chinese
Zhensheng,chinese
Gui,chinese
Quon,chinese
Yaozu,chinese
Lee,chinese
Xiaosheng,chinese
D‚sh,chinese
Xiaodan,chinese
Yuanjun,chinese
Jun,chinese
Fu,chinese
Huan,chinese
Jinhai,chinese
Jia,chinese
On,chinese
Xiaojian,chinese
Ehuang,chinese
Jianguo,chinese
Liang,chinese
Xueqin,chinese
Juan,chinese
Chao,chinese
Genji,chinese
Huifang,chinese
Zengguang,chinese
Mei,chinese
Ho,chinese
Tingzhe,chinese
Chaoxiang,chinese
Hui,chinese
Xin,chinese
Bolin,chinese
Guang,chinese
Jinjing,chinese
Yu,chinese
Donghai,chinese
Hung,chinese
Huifen,chinese
Chuntao,chinese
Daiyu,chinese
Lihua,chinese
Xiaowen,chinese
Biyu,chinese
Yanlin,chinese
He,chinese
Hualing,chinese
Peng,chinese
Dingbang,chinese
Minsheng,chinese
Mingyu,chinese
D‚wei,chinese
Ruomei,chinese
Ang£o,chinese
Lan,chinese
Chonglin,chinese
Luli,chinese
Baozhai,chinese
Fai,chinese
Fang,chinese
Weici,chinese
Dongmei,chinese
Zhu,chinese
Taiwan,chinese
Zhengsheng,chinese
Song,chinese
Qing,chinese
Hop,chinese
Weimin,chinese
Changying,chinese
Longwei,chinese
Weiyuan,chinese
Yongnian,chinese
Dingxiang,chinese
Bao,chinese
Peizhi,chinese
Lien,chinese
Zongying,chinese
Kong,chinese
Kueng,chinese
Xiaohui,chinese
Ning,chinese
Zhaohui,chinese
Liqiu,chinese
Guotin,chinese
Chongkun,chinese
Qiao,chinese
Gan,chinese
Yuan,chinese
Cuifen,chinese
Hua,chinese
Jiaying,chinese
Zhilan,chinese
Liling,chinese
Yusheng,chinese
Wang,chinese
Shi,chinese
Guangli,chinese
Xueyou,chinese
Bingwen,chinese
Tu,chinese
Tengfei,chinese
Rong,chinese
Yuming,chinese
Huilang,chinese
Lijuan,chinese
Mingxia,chinese
Chyou,chinese
Xiaojing,chinese
Zhen,chinese
Geming,chinese
Nuwa,chinese
Dandan,chinese
Chen,chinese
Sueh-Y‚n,chinese
Chu Hua,chinese
Liwei,chinese
Xiulan,chinese
Ai,chinese
Lok,chinese
Guozhi,chinese
Qiu,chinese
Shan,chinese
Jin,chinese
Chenglei,chinese
Qingzhao,chinese
Guiren,chinese
Huang Fu,chinese
Shen,chinese
Jianyu,chinese
L,chinese
Weisheng,chinese
Junjie,chinese
Shu,chinese
Ah Cy,chinese
Ushi,chinese
Li,chinese
Xiaozhi,chinese
Ting,chinese
Zhenzhen,chinese
Fuhua,chinese
Hu,chinese
Wing,chinese
Quan,chinese
Qiang,chinese
D‚l,chinese
Qiaolian,chinese
Yanyu,chinese
Lanying,chinese
Shaiming,chinese
Genghis,chinese
Boqin,chinese
Qi,chinese
Yongrui,chinese
Xiaolian,chinese
Da,chinese
Changchang,chinese
Yi,chinese
Zi,chinese
Jaw-Long,chinese
Huojin,chinese
Bo,chinese
Chuanli,chinese
Linh,chinese
Changpu,chinese
Huizhong,chinese
Wuzhou,chinese
Ru,chinese
Enlai,chinese
Zenguang,chinese
Jiao,chinese
Zhyuan,chinese
Huidai,chinese
Hongqi,chinese
Qiqiang,chinese
Mingmei,chinese
Aiguo,chinese
Xiaofan,chinese
Yingjie,chinese
Honghui,chinese
Gang,chinese
Bojing,chinese
Wenqian,chinese
Ling,chinese
Duyi,chinese
Zhong,chinese
Zongmeng,chinese
Ruolan,chinese
Ming-h£a,chinese
Qianfan,chinese
Meiying,chinese
Shunyuan,chinese
Yingtai,chinese
Meilin,chinese
Zihao,chinese
Deming,chinese
Liu,chinese
Yenay,chinese
Bai,chinese
Zedong,chinese
Ah Lam,chinese
Mani,chinese
Hong,chinese
Yan,chinese
Huiliang,chinese
Xiasheng,chinese
Mingli,chinese
Lin,chinese
Shl¡n,chinese
Xiang,chinese
Suyin,chinese
Wenyan,chinese
Bohai,chinese
Lian,chinese
Zhiqiang,chinese
Xing,chinese
Park,chinese
Zixin,chinese
Jiayi,chinese
Chenguang,chinese
Xiaotong,chinese
Ah Kum,chinese
Shanyuan,chinese
Meixiu,chinese
Jianjun,chinese
Sying,chinese
Kang,chinese
Yang,chinese
Fengge,chinese
Ping,chinese
Qingling,chinese
China,chinese
Minzhe,chinese
Zian,chinese
Huian,chinese
Shirong,chinese
Ye,chinese
Meihui,chinese
Hai,chinese
Hulin,chinese
Huiqing,chinese
Dong,chinese
Chunhua,chinese
Shun,chinese
Fenfang,chinese
Wencheng,chinese
